ID,Task / Milestone,Category,Owner,Priority,Status,Start Date,Due Date,Dependencies,Deliverables,Notes
MVP-001,AI Agents (Core Feature),1. Technical Foundation,,,To Do,,,,"Intelligent, context-aware agents for customer service, scheduling, and task automation.; Adaptive behavior: agents learn from business usage patterns.","Intelligent, context-aware agents for customer service, scheduling, and task automation.; Adaptive behavior: agents learn from business usage patterns."
MVP-002,Custom Integrations,1. Technical Foundation,,,To Do,,,,"At least 1–2 working integrations (e.g., CRM, POS, Google Calendar).; No workflow breakage during integration.","At least 1–2 working integrations (e.g., CRM, POS, Google Calendar).; No workflow breakage during integration."
MVP-003,Performance Analytics,1. Technical Foundation,,,To Do,,,,"Real-time dashboards with:; Usage stats (tasks completed, response times).; Business insights (basic trends, performance metrics).","Real-time dashboards with:; Usage stats (tasks completed, response times).; Business insights (basic trends, performance metrics)."
MVP-004,Secure Architecture,1. Technical Foundation,,,To Do,,,,Authentication with role-based access control.; Privacy compliance (GDPR-lite principles).,Authentication with role-based access control.; Privacy compliance (GDPR-lite principles).
MVP-005,Streamlined Setup,1. Technical Foundation,,,To Do,,,,Guided onboarding wizard (no tech skills required).; Self-service registration.,Guided onboarding wizard (no tech skills required).; Self-service registration.
MVP-006,Mission Validation,2. Business & Value Alignment,,,To Do,,,,"Messaging emphasizes empowering SMEs with simplicity, speed, and elegance.; Focus on local and regional business needs.","Messaging emphasizes empowering SMEs with simplicity, speed, and elegance.; Focus on local and regional business needs."
MVP-007,Why Cape Control Demonstration,2. Business & Value Alignment,,,To Do,,,,"✅ Purpose-built for SMEs.; ✅ AI agents adapting to needs.; ✅ Easy setup, no tech skills required.; ✅ Live usage analytics.; ✅ Secure and privacy-respecting.","✅ Purpose-built for SMEs.; ✅ AI agents adapting to needs.; ✅ Easy setup, no tech skills required.; ✅ Live usage analytics.; ✅ Secure and privacy-respecting."
MVP-008,24/7 Support Simulation,3. Operations & Support,,,To Do,,,,AI-powered chat with human fallback.; Escalation flow defined (AI → email → phone).,AI-powered chat with human fallback.; Escalation flow defined (AI → email → phone).
MVP-009,Customer Feedback Loop,3. Operations & Support,,,To Do,,,,"In-app feedback capture (ratings, surveys).; Iterative update plan based on pilot users.","In-app feedback capture (ratings, surveys).; Iterative update plan based on pilot users."
MVP-010,MVP Marketing Assets,4. Go-To-Market Preparation,,,To Do,,,,Finalized landing page with mission + value.; Demo video or product walkthrough.,Finalized landing page with mission + value.; Demo video or product walkthrough.
MVP-011,Early Adopter Program,4. Go-To-Market Preparation,,,To Do,,,,5–10 pilot businesses onboarded.; Free/discounted trial for feedback.,5–10 pilot businesses onboarded.; Free/discounted trial for feedback.
MVP-012,Launch Playbook,4. Go-To-Market Preparation,,,To Do,,,,Rollout timeline (beta → limited release → public).; Success metrics: *10 active SMEs onboarded in 30 days*.,Rollout timeline (beta → limited release → public).; Success metrics: *10 active SMEs onboarded in 30 days*.
MVP-013,Performance Review,5. Post-Launch Iteration,,,To Do,,,,"Analytics monitoring: adoption, usage, support needs.","Analytics monitoring: adoption, usage, support needs."
MVP-014,Feature Roadmap,5. Post-Launch Iteration,,,To Do,,,,"Prioritize enhancements (integrations, analytics depth, AI personalization).","Prioritize enhancements (integrations, analytics depth, AI personalization)."
MVP-015,Scale Strategy,5. Post-Launch Iteration,,,To Do,,,,"Regional expansion readiness (multi-language, wider CRM/POS support).","Regional expansion readiness (multi-language, wider CRM/POS support)."
